artist,title,genre,tempo,rms_mean,rms_std,spectral_centroid_mean,spectral_centroid_std,spectral_bandwidth_mean,spectral_bandwidth_std,spectral_flatness_mean,spectral_flatness_std,spectral_rolloff_mean,spectral_rolloff_std,zcr_mean,zcr_std,onset_strength_mean,onset_strength_std,dynamic_range_db,chroma_C_mean,chroma_C#_mean,chroma_D_mean,chroma_D#_mean,chroma_E_mean,chroma_F_mean,chroma_F#_mean,chroma_G_mean,chroma_G#_mean,chroma_A_mean,chroma_A#_mean,chroma_B_mean,chroma_C_std,chroma_C#_std,chroma_D_std,chroma_D#_std,chroma_E_std,chroma_F_std,chroma_F#_std,chroma_G_std,chroma_G#_std,chroma_A_std,chroma_A#_std,chroma_B_std,mfcc_1_mean,mfcc_2_mean,mfcc_3_mean,mfcc_4_mean,mfcc_5_mean,mfcc_6_mean,mfcc_7_mean,mfcc_8_mean,mfcc_9_mean,mfcc_10_mean,mfcc_11_mean,mfcc_12_mean,mfcc_13_mean,mfcc_14_mean,mfcc_15_mean,mfcc_16_mean,mfcc_17_mean,mfcc_18_mean,mfcc_19_mean,mfcc_20_mean,mfcc_1_std,mfcc_2_std,mfcc_3_std,mfcc_4_std,mfcc_5_std,mfcc_6_std,mfcc_7_std,mfcc_8_std,mfcc_9_std,mfcc_10_std,mfcc_11_std,mfcc_12_std,mfcc_13_std,mfcc_14_std,mfcc_15_std,mfcc_16_std,mfcc_17_std,mfcc_18_std,mfcc_19_std,mfcc_20_std,spectral_contrast_band1_mean,spectral_contrast_band2_mean,spectral_contrast_band3_mean,spectral_contrast_band4_mean,spectral_contrast_band5_mean,spectral_contrast_band6_mean,spectral_contrast_band7_mean,spectral_contrast_band1_std,spectral_contrast_band2_std,spectral_contrast_band3_std,spectral_contrast_band4_std,spectral_contrast_band5_std,spectral_contrast_band6_std,spectral_contrast_band7_std,tonnetz_1_mean,tonnetz_2_mean,tonnetz_3_mean,tonnetz_4_mean,tonnetz_5_mean,tonnetz_6_mean,tonnetz_1_std,tonnetz_2_std,tonnetz_3_std,tonnetz_4_std,tonnetz_5_std,tonnetz_6_std,tempogram_ratio_factor1_mean,tempogram_ratio_factor2_mean,tempogram_ratio_factor3_mean,tempogram_ratio_factor4_mean,tempogram_ratio_factor5_mean,tempogram_ratio_factor6_mean,tempogram_ratio_factor7_mean,tempogram_ratio_factor8_mean,tempogram_ratio_factor9_mean,tempogram_ratio_factor10_mean,tempogram_ratio_factor11_mean,tempogram_ratio_factor12_mean,tempogram_ratio_factor13_mean,tempogram_ratio_factor1_std,tempogram_ratio_factor2_std,tempogram_ratio_factor3_std,tempogram_ratio_factor4_std,tempogram_ratio_factor5_std,tempogram_ratio_factor6_std,tempogram_ratio_factor7_std,tempogram_ratio_factor8_std,tempogram_ratio_factor9_std,tempogram_ratio_factor10_std,tempogram_ratio_factor11_std,tempogram_ratio_factor12_std,tempogram_ratio_factor13_std
marie_davidson,work_it_soulwax_remix,house_banger,126.04801829268293,0.15328234,0.04948866,2308.5169422784907,856.609296269172,2304.4266622288733,812.2948900162936,0.0010138745,0.0023792372,4338.142492279638,1644.9916942076572,0.06224521288302805,0.029062067603650765,1.2912368,0.2501629,16.01741,0.43086404,0.5014932,0.76821345,0.46643195,0.4729227,0.5200692,0.60756075,0.80388,0.46468297,0.4449106,0.47712243,0.62416214,0.14069638,0.13254751,0.19123203,0.20263039,0.21439815,0.21685001,0.23052078,0.1557232,0.19780257,0.19656149,0.15285921,0.16981764,-165.86761,157.98761,-37.865906,13.870824,13.927642,2.9560874,-13.990912,2.0484085,-4.421765,-5.2052093,-4.6157475,-4.5805717,-5.391299,-6.518471,-5.2691374,0.45669067,-0.5513995,-0.108145006,1.6435341,-0.6459601,56.287586,23.753006,29.283695,18.171957,15.657859,15.695099,12.061504,6.699959,5.9034176,9.0463085,4.738675,4.3322387,5.678551,5.432837,3.3650525,3.8706188,3.3823814,3.220897,3.4744751,3.6466136,16.972439181486703,9.176976929079956,13.90186407912842,13.291028803102886,14.409654442480738,20.802106745494452,46.966265635542584,3.357633417133385,1.8316660110744256,1.9487268868560037,2.021308161595176,1.7350521196536708,3.3479452232458597,5.829723063949863,0.08233233407568841,0.028219943790354206,0.07668083359611869,-0.0892602347159436,-0.010924065445020692,-0.035547379677591105,0.053467975233989475,0.04123480134529564,0.06386910096066285,0.0586166416679796,0.019505963846021143,0.028132250452743333,0.19657590715624915,0.1636579415858052,0.16848644938864063,0.7072452672409743,0.1975050945260066,0.1627416639041075,0.7325496842381385,0.5530164540388466,0.15560336941803327,0.4707640130678732,0.23256170203991747,0.09698323216988959,0.0965082575322373,0.12002214823845393,0.1090775965920561,0.11019396693836417,0.04861377446707899,0.12139736175747178,0.10708961861393486,0.06491178412986619,0.04548225182759219,0.09706115089719808,0.047609868054335196,0.04072824213681457,0.06220868524956035,0.028062285134981674
tube_berger,bierchen_extended_mix,house_banger,123.046875,0.32533604,0.080654055,4046.7974782711567,810.5474134570069,4447.532527530936,446.85780849682914,0.0048755175,0.008324492,8775.239008057159,1516.4002283962295,0.07579990686586979,0.037108744420351746,1.7998368,0.34405556,10.224922,0.48320153,0.4654847,0.41085815,0.37623376,0.50058585,0.64631444,0.853793,0.84984785,0.70200247,0.72594815,0.55515933,0.4913008,0.12485498,0.11367937,0.1229874,0.10717889,0.07697664,0.120564856,0.22298555,0.16790435,0.1128767,0.10949383,0.095083065,0.14684832,-119.03916,79.811745,7.02932,56.530632,-1.9486876,33.87993,3.3734713,22.435852,2.9414208,15.406909,2.2238586,11.225234,0.9481278,6.0292196,-2.9667373,1.7105769,-1.6011784,2.6914952,-1.120139,3.2481492,56.127586,23.697395,21.891361,15.823403,10.160266,12.287108,8.127714,9.150568,5.7282333,5.0841885,5.2032914,4.7559824,5.4478908,4.266619,5.1567135,3.3193464,5.137069,2.830897,4.2734194,2.824551,18.202469918388225,10.520597101311152,12.798006814702195,14.296757988374758,14.291758196804555,15.047634083723295,55.31063276624825,1.40192985128333,1.1126266288817992,1.226641457190878,1.6341768280339948,1.2616162854604498,1.032988392930969,1.4552438982593243,0.02448591265324789,-0.001373893914859773,-0.018371056514196026,-0.018897427669708144,0.008180770444306384,0.009962596470726162,0.027290592889884537,0.03578840249445973,0.03755498532933291,0.040588159566800355,0.01946350493051944,0.014309170793807453,0.491121459769352,0.15957795450673468,0.19537463912542172,0.8009942796664069,0.4947466680796545,0.19354881174459765,0.8169947617981236,0.6932464102962608,0.17778779179846274,0.6609848226278775,0.4236470283015744,0.11376934410507576,0.2475867872934529,0.13020212281428697,0.12801147981796634,0.12959543720754374,0.05871376863749691,0.13441889400120974,0.12656613588046237,0.04674467639108307,0.0555015884917923,0.11443341446202816,0.0406365159797365,0.03646293149510144,0.07525988293741594,0.026776847761494943
duck_sauce,big_bad_wolf_original_mix,house_banger,129.19921875,0.32296163,0.11370599,2564.511338002037,1015.7864224531328,3324.632778836886,798.1010464107552,0.0028828324,0.0039657126,5269.176226467245,2389.919855819324,0.04561941044604953,0.02946133096355493,1.5858272,0.34481007,10.170299,0.40485677,0.41311964,0.3292732,0.4466707,0.45936835,0.56001395,0.82551444,0.90891564,0.81861204,0.49621412,0.5491853,0.42266852,0.094623335,0.11578948,0.09095752,0.100396894,0.13826315,0.10271288,0.13485467,0.16310814,0.14672536,0.076294795,0.17516868,0.091135874,-134.20369,129.26541,-8.571506,29.17293,0.73847514,22.062136,5.918588,9.18575,2.4737477,5.508756,-0.21329047,0.96537226,1.2986926,6.0419345,3.271136,8.861331,4.547217,4.480052,0.4141669,3.5090415,81.50999,32.541157,18.603428,20.138247,15.068273,10.597502,9.221264,9.317146,9.037129,6.3260255,5.754159,6.6765413,6.07242,4.3302836,7.5282674,7.135159,7.2461824,5.255481,4.3027964,4.5133095,14.721859570487668,9.327006304908927,13.203778624724237,15.519797204343636,14.061828495189252,14.549075449785468,50.81222032228931,1.844248158542011,1.169727962284374,3.018491016875223,4.59372966241796,1.465930164371158,1.0561390022418373,3.4269404362008324,-0.04230078912490597,-0.008928640472225968,0.04840796818268406,-0.00580599325687632,0.014106159919055864,-0.005180300290556877,0.03241649224161454,0.028514124421097242,0.02874654102486694,0.05041501496958994,0.014737646201994,0.013734745797313357,0.2505642769070456,0.20748255481837824,0.299532921468067,0.5215026349136442,0.24734529985036383,0.29036354014222027,0.6746087550733152,0.46090577295358226,0.25119202759533577,0.5454376323256254,0.3612291360683103,0.16091494009361992,0.2654892067307673,0.12507713508601276,0.1273004966906556,0.15018315015315326,0.2409283021178725,0.12040348708129198,0.14181277124583813,0.11298138139831798,0.19586884429326365,0.1300002301980061,0.13086740939288133,0.07233937279364962,0.08563867569282614,0.04300754404640146
ben_pearce,what_i_might_do,house_banger,123.046875,0.33855394,0.051522955,2868.3892263394855,1116.3273345583068,3607.8488102087845,880.3378375988839,0.0029251305,0.0027669782,6265.978218061439,2473.64649311495,0.03502373169547855,0.023684976058278028,1.7013667,0.31731376,9.935023,0.61470854,0.28644377,0.26429716,0.25494713,0.20985007,0.21636625,0.26195863,0.64369607,0.25687012,0.22338375,0.27739343,0.2963235,0.36368617,0.094572365,0.07742574,0.08183516,0.085568026,0.1223782,0.106607646,0.36541298,0.1288517,0.13473928,0.13346942,0.08768299,-143.34041,126.64369,10.8215685,47.43432,12.175421,35.17604,16.298378,7.578233,4.889636,1.9414696,4.5614557,18.062958,-9.659095,-2.4859416,0.3218178,9.074975,-9.224555,-2.7840526,3.626498,4.8994484,52.44771,23.722324,17.981012,11.556049,13.494637,9.614967,8.80728,7.7875032,6.5523267,6.626272,6.752697,5.2045736,5.301016,5.168982,5.432587,4.370003,4.471058,4.3200474,5.1802444,4.6067567,23.064842559504434,11.490445438923228,16.085941592510483,15.919637551270197,19.893937279406206,18.304506063974216,53.218507361003134,2.33156920602022,1.8680285104223016,1.875047350678067,1.7673516241077922,1.7018909132476454,2.1154351076318885,2.613401323362866,0.03931526234993633,0.18723007384885354,0.1390225231794478,0.08798930360319629,0.047947943341367566,0.0237889618958285,0.050732389575078564,0.05056385937398003,0.09363971171192219,0.1410841010292847,0.044326188487628086,0.08071357496750578,0.3877682148513385,0.18808541562523357,0.20628354486337047,0.7833886499352404,0.36068676794054144,0.19974110325861355,0.6821606090883111,0.5447406150641759,0.18749544384352124,0.40503604768761803,0.19923190063599525,0.10898808643604366,0.08492465027752531,0.10023961585608376,0.06915426267136646,0.07183632152488428,0.13195075572599535,0.09017721679016633,0.06845997237739959,0.11490436990840038,0.11954519088481302,0.06589339903715881,0.12679394306916372,0.08310860356978303,0.03964689615458713,0.04237290075939932
bob_sinclar_feat_dj_roland_clark,everybody,house_banger,126.04801829268293,0.3078985,0.09923974,5116.794676510489,717.0574017694773,4422.846677667707,283.9550155028753,0.012107168,0.02207591,10105.695064627495,1041.6227197907965,0.1375270668543399,0.049655224886021886,1.5857565,0.25974253,10.428914,0.5605764,0.46370763,0.37033066,0.41771135,0.43655285,0.5765847,0.7260663,0.90585893,0.86797154,0.5923946,0.5542177,0.48863307,0.14727087,0.109068066,0.1308923,0.11225087,0.0858473,0.08254208,0.12503463,0.15562029,0.13246116,0.0931556,0.101324484,0.113993704,-69.08206,66.295876,-21.06767,33.007587,-27.385294,27.445503,-7.697227,19.293715,-3.3289056,12.539758,-2.421434,9.707505,-2.4610043,8.583923,-0.83917075,7.7254977,-1.4653319,7.613651,-1.0604814,5.209704,48.391857,22.189201,13.921584,12.759084,6.8884425,10.5691185,7.638696,9.552453,7.845164,7.1134357,7.602287,6.332297,6.093983,5.5825934,5.5517697,5.704893,4.6546254,5.7240634,4.2989316,4.2346916,18.658370288460386,10.235583517788545,12.758702003536863,13.754325234045341,14.324851059885905,14.936470229352194,56.579447840905566,2.287361274440489,2.0538547423080176,2.4256198783990226,1.806207229380012,1.3816412205213702,0.8280774625175319,1.7288794287432832,-0.026067088051359124,0.01548163270497763,0.02711723888772499,0.030801801073694842,0.003521431898646928,-0.0025554808214952197,0.02211731383367274,0.026496218260202258,0.02348557566554922,0.03528846854463841,0.009848613856716273,0.009048428482023895,0.26934122321697046,0.2523227059843404,0.3107012608448827,0.639469500527802,0.26622357873079366,0.32663176516852443,0.7538907804192422,0.5543638397462203,0.2876967620365709,0.6135624625367784,0.39750788941285886,0.18874873817832158,0.25851244718551536,0.14217087673988568,0.08971648057065185,0.08079194362467877,0.08939621549825508,0.13722579628540227,0.07416776921110332,0.06970733002524239,0.07200048224023776,0.06944027439745765,0.057849045409005435,0.04805602824410632,0.048453561379445904,0.03731339313095496
breach,jack_radio_edit,house_banger,123.046875,0.21437986,0.12322353,3871.015337470016,1138.9562257204593,3719.619310969404,532.0536263167727,0.0034566957,0.005417197,7637.745874105459,2136.464830946798,0.08342435452861485,0.05759693654592527,1.2888411,0.32948583,13.265468,0.2586287,0.2724703,0.24788402,0.3356645,0.37134027,0.38863298,0.53549784,0.5751041,0.4809418,0.80013776,0.3635693,0.30331627,0.19457492,0.19535837,0.16215399,0.23186168,0.12647119,0.1785834,0.2630468,0.25866538,0.1926171,0.25267002,0.17821072,0.22701868,-160.20834,77.935074,-28.022121,44.983116,-2.1121106,31.436274,2.4914885,19.879665,1.440622,10.1868725,0.12283049,6.5016003,-2.189538,-0.4046355,0.8645765,-1.9463239,1.9038779,1.0948759,0.6068982,-0.37046573,96.55866,29.362494,28.51429,30.165964,16.898993,12.901617,11.219436,10.011592,5.6345134,8.855703,9.07589,6.330382,5.646907,5.4054875,4.8558655,5.425652,3.687766,4.8139763,5.4639974,7.814513,19.337448415984944,14.687926761725262,16.303103865051717,15.103362476288385,15.93156433685419,16.38964090698531,54.47481060750998,4.388993332845756,2.787838148346587,2.700467732583075,2.4956347250776254,3.749352669669895,2.326680672264644,3.0245623347636124,0.109723508502257,-0.015491889459461415,-0.0838204653197046,-0.0018250208286779224,0.018871112899736017,0.06034582303279112,0.15824741867247707,0.03126418713455703,0.1702391743655244,0.06423558810387313,0.02427204096340453,0.05893704932146957,0.32954385468895836,0.2257718937568977,0.227345787672729,0.5628627333376461,0.34190332965924686,0.22988158299414505,0.6200781239125364,0.4283686822840477,0.1957696321183471,0.4274172198112094,0.23984780447919823,0.14305130790105183,0.11652806131347675,0.12644824499146662,0.1087774304569294,0.10515416300987723,0.18819366448979613,0.1333759655135638,0.10481000405477418,0.1549156410176672,0.1577032926156571,0.09538646791852147,0.12387512861120938,0.06325946501254472,0.06344341526437507,0.03752296993829403
catchment,wanna_original_mix,house_banger,123.046875,0.23742847,0.11545262,3988.6995219934015,920.4201041177965,3641.6107432903077,525.3610274201849,0.002835902,0.015254422,8025.134074213879,1516.605567999043,0.10312232934710065,0.05795876171909869,1.4396926,0.35640115,13.562908,0.38609338,0.5425056,0.33057013,0.40523186,0.4489862,0.362753,0.47549894,0.46700186,0.6856987,0.7544455,0.49366787,0.4190576,0.1908979,0.24989803,0.17634884,0.25966015,0.240531,0.21014361,0.2603921,0.1760726,0.21793827,0.23479775,0.18354794,0.22008817,-121.39378,94.980995,-29.69238,49.478935,-29.686514,25.921953,-10.2035055,11.966249,-4.930304,2.40839,-3.0825195,-0.72809803,-2.576167,-7.1063614,-1.4074868,-4.6522923,0.07638685,-4.4847336,-0.20857762,-5.0954237,68.74834,31.0309,27.056124,23.678108,16.65276,21.646036,10.588589,16.487785,8.401303,11.598071,8.446533,10.579256,8.331244,8.272753,6.990227,6.88336,7.828577,7.6482534,7.0356197,5.4626656,17.545977889428503,9.85349152125125,13.384940064119675,15.945592237587451,15.564706508953659,15.982978362943156,56.64021024087431,3.8825651895288464,1.3182509017262465,1.642496612607687,2.041979473335764,1.6385703612222433,1.2640680528693036,2.4098556802473476,0.006848851950167418,-0.07514629191342248,-0.08490281335262015,0.0369153700636277,0.01471511190374338,0.019683841505759397,0.08392032228289319,0.08977224124579256,0.1190318087771161,0.11055064252707006,0.02719249760617556,0.04057436946538022,0.4327065156502295,0.26001319718413746,0.270573349915013,0.821365798854176,0.43105790433497365,0.2701422760181994,0.7567307167237547,0.6391249724814542,0.2376903519068135,0.5487105212553228,0.2963231767038248,0.1710506874239798,0.14217527136147665,0.18321199133832794,0.18829982267910073,0.18957660823080064,0.06592472735626592,0.18016735620183802,0.1870198266004033,0.0747767955740626,0.06009270896449362,0.1672288930904541,0.05280725028900183,0.05492190391579698,0.11094368674759332,0.040156301221944544
dennis_ferrer_skream,old_yella_original_mix,house_banger,126.04801829268293,0.22388172,0.058037873,3965.4408650622136,758.3292239064806,3789.5341067594313,329.54926006675555,0.007891045,0.00927274,7426.4980018030055,1204.3305254749978,0.10077140007571696,0.04587094603092598,1.7289019,0.31098053,13.065788,0.65250075,0.5871867,0.6152241,0.6555928,0.7327158,0.778113,0.8573294,0.8768897,0.5107612,0.41698292,0.5105359,0.504801,0.18301782,0.08542271,0.093105614,0.111049935,0.13994662,0.17562638,0.21802697,0.17689803,0.093725175,0.10340077,0.11702332,0.11346031,-141.91428,85.5705,-14.698895,50.962643,-7.182291,25.040379,8.552951,9.7139845,4.0795918,8.438157,-0.2363527,10.110021,2.9911625,7.144179,0.65481484,4.8758063,1.1299336,5.77347,0.5023854,2.9352624,44.77066,23.774704,12.578289,12.94827,9.674842,7.456962,7.2930098,5.49613,6.7975817,4.744654,4.888761,4.1914062,4.582794,3.729823,3.6713362,4.1172376,3.963008,3.7259085,3.5527334,2.3900797,16.73393997339423,10.251639143586155,12.189242233982656,14.02743873744308,14.246695786781942,14.930937805607995,55.52514178890901,1.7016759318315027,1.1169483634794335,1.0583463270668594,1.4657936524234616,1.0693277820198739,0.5339923963896439,1.145984714362859,0.008169319619169502,0.03371221608186289,0.0343209348997145,-0.004747421274441425,0.017224171308792315,0.0037551291206419936,0.017928713983837025,0.030655678219603546,0.0188621914751701,0.06036782641541529,0.010653115896501605,0.015598154340884225,0.19146898605066917,0.17293997074140385,0.3554274019675884,0.7110324472891542,0.21553570396560975,0.29153490290276224,0.6703883145568277,0.5564177024812204,0.3148322535592962,0.5425105022528216,0.2363988689347496,0.13214765298966674,0.10785629527902835,0.09796639712269584,0.06635804897543388,0.06170513791067976,0.029456611376395252,0.09985822507439035,0.05468016008273669,0.04609547571253117,0.02850638891055864,0.04963080848716816,0.0300835194088536,0.029391052320529965,0.03553977478023185,0.018705088703564913
dj_dan_mike_balance,stand_for_this,house_banger,123.046875,0.2860108,0.10699877,3549.206685809022,674.7387516149502,3912.2433961430497,322.5421419473254,0.00578227,0.0048827454,7073.473125959294,1104.2083733127915,0.07383055526947026,0.04085567673889115,1.6671658,0.22950575,12.546776,0.57739806,0.7916214,0.50927466,0.5178464,0.52490056,0.40247387,0.3937715,0.35559207,0.49557012,0.65636593,0.7701251,0.52445763,0.099792644,0.23251447,0.08134267,0.12220647,0.13027129,0.13866998,0.15849654,0.13914779,0.1188154,0.15996832,0.20192564,0.14476804,-117.60114,96.68699,-19.3649,42.358192,3.2508595,18.701561,1.9029198,10.804046,0.3613443,9.85843,3.5229988,11.3823185,1.3244776,6.95699,-3.302978,4.0126653,1.5561713,5.1340013,1.915012,5.6170926,42.663048,21.78417,13.43926,12.610119,8.628202,10.034996,7.349501,8.492807,6.346711,7.130845,5.7037396,6.432187,5.0465975,5.919052,4.7973685,4.4655013,3.8712943,4.6215897,4.3976517,3.9410324,17.07081131438814,9.527455041257678,12.997843295324508,14.853183551591542,14.582325857743548,15.436808275819132,53.412951473007595,1.8358464200302167,1.165250609025221,1.6612090742121446,1.7812661734866226,1.0272110710293814,1.0351121689419553,1.403217808576887,-0.0395111614620824,-0.032830749309076424,-0.08152089442511846,-0.010282497156478873,0.03868187299826658,-0.005019896323829986,0.027108442539212206,0.035053320265735335,0.0643476130619185,0.035332617219569804,0.023456218991818222,0.013912493157992636,0.26789907070619945,0.25141765018275736,0.26232672154689013,0.7703648305895515,0.26893667615101785,0.2794942444983282,0.7254912773373343,0.6201673733177548,0.23955879601809266,0.5522024416154762,0.30585483528788837,0.17318289640270926,0.14298661788296088,0.12023860615523327,0.09529056445697945,0.0891103144233587,0.07323280600451457,0.1193761430022349,0.09085220843309318,0.06465375930798278,0.05798239100362858,0.08134753302331234,0.04808642286097617,0.032758687128855615,0.059087276161054,0.021213007707011705
dj_darth,sub_sub_ft_melanie_williams_ain_t_no_love_ain_t_no_use_dj_darth_extension,house_banger,126.04801829268293,0.24936363,0.050413195,3200.786892259431,711.9425979625496,3797.9883945712522,360.074490684761,0.0018233705,0.0029862605,7103.221770295222,1261.8275376440758,0.05686837050131304,0.028271409992530902,1.4099044,0.17549445,11.202582,0.6132232,0.6237601,0.5901124,0.5940982,0.47073644,0.49117306,0.4824677,0.52872866,0.6709154,0.81130207,0.79616743,0.6198685,0.13857238,0.15401141,0.15079254,0.16408762,0.09816181,0.11694446,0.12619263,0.15717053,0.1474478,0.14044648,0.12589851,0.1426346,-92.48854,126.71753,-21.993168,34.80387,-3.089742,28.42997,-6.5261593,14.996281,0.010007452,11.689848,0.92447287,12.713829,-1.0721164,7.43519,1.2135787,7.2996817,0.49069053,5.752811,0.9775795,3.8829033,39.620712,15.569449,13.026,10.812795,8.334195,6.715162,5.5807066,5.113765,4.536071,5.0667567,5.3584204,6.0165544,4.540102,4.4776897,3.903971,4.58344,4.440241,5.2030935,4.9469705,4.7657523,19.09036434536487,10.63543051032018,14.597295150162784,16.77896120948242,17.570076194008937,17.565969320961262,53.75795882327638,1.3681491865497697,1.5055233431199517,1.9534357090689847,1.9699452640721027,2.05705284347385,1.5810201408705797,1.4949819723749596,-0.01972774209418409,0.008881043383171701,-0.028816403658805657,-0.015697166926040368,0.004805899873273562,0.007586385782369799,0.037114864259922574,0.026537710121861,0.053447556394643526,0.04460956716982594,0.019996742489866666,0.014451082990935773,0.39274900642478616,0.31147682593064424,0.32912485227593496,0.7276301500096848,0.38563960675503317,0.331356709857638,0.7540526577036927,0.6089699317791405,0.28891698578982283,0.5813868534540308,0.35102866798658217,0.20779089407652557,0.17964794547067187,0.09358956027505624,0.08427422586565504,0.08563776600925585,0.06417074345105117,0.09340051261292209,0.08727631831210016,0.06364839294504962,0.05689797869753164,0.07681494256780368,0.0571110718069556,0.04516965298358908,0.05567474183430311,0.03436432811822751
dj_haus,ready_2_jack_shadow_child_remix,house_banger,123.046875,0.28774408,0.08974359,3386.12009137984,1424.4831877282074,3733.26504206822,1217.0160847478894,0.003878977,0.025450693,7461.717670438358,3057.1163529602672,0.043917570958471805,0.0330864808398928,1.5031986,0.3763372,11.83139,0.29921252,0.27001843,0.27986708,0.25920644,0.31276402,0.34641495,0.5917593,0.97801876,0.6440265,0.49126232,0.38026854,0.31533727,0.07190068,0.05857443,0.056392193,0.068484165,0.14528514,0.12592295,0.15569212,0.10027277,0.07992124,0.11214463,0.09051921,0.07081578,-148.55237,93.61416,3.7821171,45.46526,-11.919185,25.944065,7.2815337,15.672497,5.895772,18.33763,4.444543,9.85647,2.985607,5.813704,2.3364832,4.666752,2.699151,7.778259,5.262934,4.78869,86.624985,28.098537,23.834915,13.151171,20.162813,11.214274,7.603289,15.509232,5.226972,10.109375,5.07031,5.843247,4.8053117,3.711169,3.8207202,3.3300884,3.4777312,4.572827,4.7417464,3.7316968,16.914583721977294,11.861012285574473,14.677250338191257,16.335927927094396,14.97622459423765,16.202548550521605,54.48159976757315,1.442544872887434,2.4291797405436735,2.4610466166410694,1.8644778565059597,1.5563731159645375,1.077244154918217,4.797319222342923,0.04099022531685685,0.048205085932134455,0.0974558284320855,0.00010446763941386955,0.031730033178584825,-0.015017756012632806,0.02318723344653615,0.042895606891220316,0.061537299644258095,0.027011830084702437,0.012864492044273488,0.0213636808981845,0.6232322411470175,0.10090529372920215,0.0982908600961198,0.7069821605853693,0.630288088012553,0.10386783532304383,0.7123230268857204,0.5536505911103722,0.08879631239984317,0.5123098120840271,0.24056002203427265,0.06705223773643024,0.10010019998514777,0.21978457140510751,0.15462681920293622,0.10816720428033133,0.2470687834903726,0.1908249581410965,0.12051423228377883,0.15290894127215893,0.17925250406930734,0.1081098151117151,0.08381220301049018,0.04692024819525418,0.06364584055211821,0.022311634613514875
dj_rooster,let_s_go_extended_mix,house_banger,123.046875,0.3271365,0.09541184,1700.9848025797505,998.5141835423707,2433.257167364215,734.7097652876519,0.0012236991,0.0037516048,3217.374075553755,2133.818715663778,0.03299390798193189,0.03402147177506817,1.4998401,0.29679194,10.201291,0.7944207,0.7648619,0.6450535,0.41608688,0.4521792,0.63730025,0.82244265,0.7577276,0.5962774,0.53864974,0.5105903,0.68014127,0.12904206,0.10099518,0.12439908,0.08612992,0.06301536,0.1087362,0.15584682,0.14469932,0.10522533,0.12064504,0.11989289,0.079269126,-175.94876,148.46297,7.1951766,21.862335,-12.668511,5.124217,3.7451644,11.237357,5.554133,8.099865,3.781959,3.776102,1.7493798,2.48792,-0.64237624,-2.660623,-1.8827678,-0.56093943,-2.5657012,-0.68641794,61.879726,28.368685,37.246334,35.83822,27.612331,17.782377,12.663004,8.637986,7.796704,7.1065645,6.8247495,5.68644,7.263898,6.2418413,5.7138658,4.732539,4.0300922,2.9700842,2.894921,2.6248395,19.428733447940406,9.715211737568932,13.22682959928904,15.785699349700668,14.961809061324578,15.370062876893751,48.88016749067475,2.2232250367901774,1.213360499234393,1.4916291470147625,1.8462300117152153,1.988331946130894,1.4692762980772083,3.3268360627207985,0.015362179141394766,-0.004253731925943605,-0.016507621933426846,-0.01752357268418619,-0.0036806709275060104,0.002245633657955133,0.02185102658512402,0.02803624157223289,0.030554394782245444,0.020999405740803438,0.007613959222552179,0.014381694654998604,0.4357418982718432,0.2114013610816119,0.22571676572197927,0.7918548210582518,0.4625123725647512,0.21982031169771485,0.7380457112608855,0.6075925886910958,0.18725888229607254,0.5579363250872361,0.26762601709515316,0.14236691291434492,0.12018605390852533,0.12167806154897867,0.16188911942030307,0.15685542897922788,0.07435292579069377,0.09596827448457397,0.15587529517501547,0.10068215186379781,0.060860590413090346,0.14236278295121194,0.05169178818783468,0.05201297786822974,0.08841031049959153,0.03380672707753435
dusky,amongst_the_gods,house_banger,126.04801829268293,0.23782085,0.09048704,2863.74393284565,896.3602673213293,2815.959651433154,651.0709159456792,0.00079430226,0.0010337252,5631.680397834322,1727.2889366334487,0.06762881361485724,0.040439941506336,1.4366359,0.29479432,12.549453,0.42665088,0.39075488,0.53626704,0.41366282,0.31234205,0.41276178,0.5272573,0.8836078,0.6354508,0.55031794,0.5274674,0.40948287,0.16191009,0.18399973,0.23253097,0.21056192,0.12832405,0.18238012,0.19202419,0.18394233,0.2248309,0.20536797,0.1849103,0.15646233,-130.67548,127.19551,-43.327557,48.225834,-8.0407505,9.184137,1.5136693,5.8294024,0.6482275,2.5044386,0.74229205,0.8312393,-1.0935366,-4.7506976,2.0339653,-0.24244174,1.0596601,2.1713483,1.5349239,2.2101068,46.652008,37.788933,23.533455,26.169819,11.673625,19.100317,11.533815,12.646184,10.927168,10.848687,8.834076,8.35181,9.838762,8.490978,6.7824974,5.5770087,6.141521,5.603518,6.6844883,5.3443804,17.95333248568737,11.329058894414025,13.356902199658128,15.661835978120848,14.576729695514238,16.022600101994513,54.63120569465236,2.898459293162257,1.3586316664979137,2.77915356802603,3.216859377090285,2.7206835720950533,2.58185260559006,3.5852417517626805,0.02431071597829085,0.08084073726335525,0.06501209397286972,-0.035969453674600305,0.011866968830789621,-0.015274589318786369,0.05544199698468081,0.10280415235467719,0.08646768482140106,0.06582783970062894,0.025609722910331194,0.02962189600029795,0.6766424446816444,0.2528048193864825,0.26988583899364876,0.7729618900370814,0.6871534424599615,0.25445352105025726,0.7697178933058304,0.6285374290151261,0.25015507047316055,0.5606631561780434,0.29691182308781905,0.15041460746766544,0.137373576642013,0.07475438757014871,0.19158305430854722,0.18507745276158866,0.07931923063031164,0.07056991066115918,0.18274878162707786,0.054219812474534404,0.06858250762376918,0.1611335774556572,0.05283452451120518,0.05350507117102797,0.11192875980796253,0.037269618116721845
finn,sometimes_the_going_gets_a_little_tough_mella_dee_going_got_a_bit_tougher_mix,house_banger,132.51201923076923,0.28525236,0.07986529,3197.6775749689914,970.5979322425155,3606.6424131468116,782.3791328618275,0.0036602763,0.0034840363,6755.877992672377,2205.113348894916,0.0603427164203545,0.03365720559903045,1.418864,0.29814193,10.900983,0.3580636,0.3035584,0.34681013,0.38223934,0.3355152,0.35494334,0.50161976,0.9361795,0.6025941,0.40418202,0.34086472,0.35205552,0.13372971,0.07147359,0.07007067,0.15975258,0.108731166,0.114532076,0.09623074,0.15537293,0.1088862,0.06581597,0.07357773,0.10814894,-108.21055,122.7731,-17.429113,26.358038,-14.245754,13.086942,-5.5727677,14.420384,6.1465836,11.970145,7.6712303,9.988811,3.6145267,8.436955,4.7113953,6.2127266,-0.67297345,3.891355,-0.14951104,4.9852905,50.83432,30.545818,28.300089,13.133264,18.465704,9.935068,12.757548,8.786554,7.206304,11.29373,5.7235036,7.337074,6.5957375,7.6639233,5.8539834,6.374251,6.023373,5.3740683,4.664412,4.8477273,17.21805614282486,10.076642003880414,15.80243927893274,18.907297029253417,16.099977399985296,17.4116603809053,52.790169240897406,1.9056477368257412,0.8816508098953166,1.463921061630861,1.7108833532340062,1.8231160375626538,2.374022071974597,3.7911251805414077,0.024200687968245867,0.056720785418430356,0.12228353511948382,0.01871998189330651,0.02363000608023783,-0.014370913221677889,0.04925726759385234,0.020988481420444523,0.04277947761484665,0.050819535379779256,0.022558832782671037,0.018799975409504177,0.4168232500436199,0.2856862373718072,0.2851532387973698,0.7572535521486157,0.40443607044181523,0.2774814819695094,0.7500910184703474,0.6039688327432041,0.25805603080761846,0.5358567432262713,0.2825898575508647,0.17658707626711764,0.1352916755250481,0.11473343173527062,0.15890514570419087,0.15637604014680276,0.08338606347808666,0.11858886087759102,0.1533940939575593,0.07336093853761527,0.07245706615708412,0.1392102005692946,0.052177464892875995,0.056504125903755725,0.09687780683530402,0.043629922382572406
franky_rizardo,call_upon_me_original_mix,house_banger,123.046875,0.28585696,0.060525607,3462.4971420721326,956.1733238719858,3613.1208291107405,503.6591821482677,0.0021495451,0.0024472447,6851.235023943576,1866.1630073050103,0.07185709631034932,0.04556741075369851,1.4745116,0.276709,11.00193,0.44063404,0.2841064,0.27137637,0.34151337,0.26227233,0.27163967,0.41670343,0.78602785,0.7932528,0.5367798,0.50378066,0.37206092,0.15888603,0.06654458,0.06394112,0.16790734,0.055991177,0.07717582,0.11150647,0.24044773,0.18297444,0.110578686,0.16252537,0.07160032,-154.70486,80.0782,-6.85113,67.35993,-0.62283367,33.333477,3.9149177,17.26108,3.4247692,11.511726,0.9653078,5.809406,2.7822165,5.680307,3.2430713,5.5428085,2.7653792,2.7171926,3.156665,5.624855,63.276413,33.9946,26.27375,18.924002,13.0100155,15.900796,14.852049,15.210952,15.733633,13.67048,11.765156,9.205956,8.67542,8.575283,7.404024,7.6719913,5.3153706,4.870971,4.0572004,5.4361343,18.0592169522192,10.594335348965283,14.927180379923563,15.252424423630872,15.041501680362526,15.82727966751617,55.64709890738399,2.295328135164232,1.3067647929809485,3.54908658547877,1.998789427181629,1.440655271029688,1.3237851649855932,2.3556026010208657,-0.03101699326536084,0.04883230190682267,0.08377730538598577,0.06344170300464719,0.011119988106485009,-0.003949583021749592,0.071591757794811,0.051760118063108075,0.042128461034488085,0.03811350580000145,0.018248717576006136,0.02748220995261985,0.2634605823076609,0.2034727679917979,0.21129049126399424,0.8787177300035406,0.2558683520555731,0.20454916008219065,0.8235755116879427,0.6751599706681258,0.18591110658035342,0.565614648469049,0.30328004388363944,0.12087512327702148,0.12832642392037075,0.21855200321288823,0.16090154050938857,0.15272476544205255,0.09520462820862992,0.2119219732061391,0.15061468936701378,0.028780504894264456,0.06821880755503582,0.1354247807392703,0.037182003912858086,0.04668884267659414,0.08937293049377168,0.033043058283367135
honey_dijon,houze_feat_seven_davis_jr_deetron_extended_remix,house_banger,126.04801829268293,0.19879137,0.036186926,2785.4284367359746,833.497133832094,3071.307805594043,621.3236457551578,0.0011703247,0.0010814749,5472.103789512727,1997.0578339503822,0.058903565140115695,0.02415084212990424,1.8720709,0.41528368,13.9320545,0.6295103,0.7032508,0.5623317,0.6391533,0.61929464,0.6075456,0.5790239,0.62932396,0.7638057,0.6911902,0.5820923,0.5197413,0.14960451,0.17924368,0.11645647,0.1615896,0.15007694,0.15962815,0.14807864,0.18224859,0.23538402,0.19942097,0.15359774,0.12790546,-181.10312,108.30708,-17.400074,43.260742,-9.306225,19.870073,14.423806,16.955584,8.249196,13.031284,11.498952,10.8833685,9.088705,5.6426406,4.3720655,7.6020207,2.503209,5.151105,2.108537,-0.6763987,63.713596,31.003305,21.847973,24.676943,20.20397,11.719852,9.051049,9.580611,8.926649,8.988295,9.598269,6.150138,7.3582635,5.7393723,4.540016,5.481911,4.655407,4.9178834,4.4023623,4.306327,16.772288734676167,10.32692639964043,12.614369942581527,13.59540111652196,15.118295613168435,16.764845830891677,53.50206419045885,3.6974408310523237,2.745387945317586,2.5908829198924725,2.1225452657451074,1.7224045637356749,1.1453084746310915,2.845440870280254,-0.02788407250368314,-0.011822276995981415,-0.0353522811593883,0.040093731860477134,0.007107453050300189,0.002648061337476042,0.03505284418194801,0.047133271882342065,0.06851065357765923,0.042881044717838115,0.023818245713976866,0.016300649317062568,0.4143108859721064,0.13047986301531334,0.1552399366953357,0.7788600126361479,0.3963191398156853,0.14469652384617124,0.8191818339906421,0.6099288622263859,0.15141992104975394,0.5451293750483468,0.2787896295752389,0.08256993465942102,0.11385694007520669,0.2033025645045529,0.08632803939343921,0.09447180115744361,0.03384474300678169,0.19110869990558307,0.09391949073938856,0.0437502504215728,0.03664301606116213,0.08444923963593116,0.04049100513343919,0.02873117708220454,0.05612559992341189,0.019907815227188114
hrdvsion,prettier_than_that,house_banger,129.19921875,0.21870673,0.08163838,3987.3826468859643,1323.8770139389171,3784.3612624317134,791.5202874544196,0.0010552511,0.0012029381,8109.1455157219125,2243.672671181028,0.08706599382744076,0.05398192321114231,1.3056914,0.2621471,13.21725,0.35633928,0.4487869,0.4986911,0.50685894,0.7375252,0.701012,0.7056891,0.49871612,0.4883302,0.37034786,0.32873887,0.36416477,0.11351257,0.17767157,0.17573278,0.13499415,0.33587348,0.31477332,0.17312232,0.13151935,0.17048195,0.102149114,0.07438884,0.17617178,-124.94649,99.010704,-21.480701,47.83682,-16.420227,28.52263,-10.798877,19.351276,4.4881597,6.8394065,5.848881,9.191334,0.8311147,3.066247,4.8042107,4.2494607,4.2430797,4.6015744,2.3278985,2.840598,35.833675,36.854023,25.39763,16.642069,10.829355,15.802223,9.923253,15.064812,5.9843774,7.6324162,6.6639285,7.3838224,7.7144394,5.726839,6.6235228,5.216988,4.683881,4.6717587,4.235286,5.6450124,17.427441759815924,13.163558016725975,15.116277777252732,17.73708970055274,16.22640337504746,17.45569473392678,57.38235633366136,3.601866957963012,2.613527146647693,2.3279478028969436,2.014700104798673,1.6414389967677465,1.6772240629308952,2.3516573621923813,0.013967990264100701,-0.04105319279127144,-0.018696790280105978,0.0036334160631045767,-0.0045614250443909415,-0.007507568443589738,0.0414350482941963,0.053465722030553255,0.08056781010164726,0.06337582405671788,0.026955568029366578,0.016968474229509693,0.512392526993412,0.39358273417401,0.38242706765672013,0.6246007151692164,0.5019465187811081,0.3776918536191755,0.7724027310803431,0.5188151431486379,0.3380982782314823,0.589817446130914,0.3686643484147028,0.23554134274571698,0.19629174312974243,0.1697359352011193,0.15117851778236055,0.15312251493506732,0.1640695141018632,0.16173114794407636,0.14627583300622518,0.08058723946468338,0.13346134628064266,0.13721537152986032,0.06748863180405637,0.05172445779460671,0.0908761306357291,0.038914818857733194
jame_moorfield,the_push_original_mix,house_banger,123.046875,0.26959673,0.108597405,3925.949869472447,860.5562951256967,3668.3502668541837,546.6643194214811,0.008361611,0.0067898445,7764.570363763922,1715.510576979042,0.10146772241592264,0.04191168119724178,1.6434215,0.3712373,11.385708,0.49239683,0.4840741,0.46056685,0.4308168,0.37575755,0.4718786,0.33949763,0.45420346,0.72249603,0.769084,0.8772724,0.4775656,0.085980184,0.092328556,0.100094125,0.13921225,0.114256,0.22792071,0.12562616,0.16743048,0.16950323,0.23330767,0.11305721,0.11245014,-118.321526,90.80729,-25.475653,42.568092,-18.422577,26.143295,-5.2526746,11.602102,0.35577706,9.554533,1.9316405,6.010505,2.4033382,-1.0795538,-0.62931556,1.3538187,-0.52469146,3.8150227,1.2827599,4.258133,55.16221,30.027325,18.363607,21.243523,10.964436,12.113015,8.870822,10.750132,10.000158,11.448777,9.88881,10.061666,9.183396,7.2685313,6.4308896,5.5099797,5.1352515,5.798216,4.3516126,5.4488854,17.58460742052034,10.014604672294212,12.955882708077954,15.229114401903448,15.075663427546859,15.668484648933505,43.67549345363262,1.847239773875882,1.5713825012687386,1.429702744387896,1.6915295959311136,1.7558279949355136,1.076447609077877,2.8853478632046454,-0.06036886977594528,0.04438209744013523,-0.0666311240432286,-0.0193676045840933,0.004691104590450025,-0.01156641674344129,0.05346317835156666,0.051264290400533645,0.05004655990876406,0.0475235246721338,0.015469164837604204,0.024628568908517168,0.1773041981483668,0.17979563099820203,0.2597307214897489,0.8263995015473711,0.1810435163430006,0.2746471869292509,0.7558775080924532,0.625018147251344,0.2253775010493029,0.5173436544132858,0.25790861561201484,0.15841552261661826,0.11428141664454314,0.09592447256327503,0.08485329503937364,0.08252244501074996,0.10351209014795566,0.09563123229264289,0.08477478166285245,0.10812192889845999,0.06579554725893498,0.07653886877018615,0.059387962558505515,0.036705157287113085,0.06214731241919646,0.023503872308559465
jamie_xx_gil_scott_heron,i_ll_take_care_of_you,house_banger,123.046875,0.15412362,0.05047691,1846.1807341167944,651.1215547111026,2555.5268286032956,748.9242891596163,0.000463958,0.005940888,3677.941243945089,1403.3115350196563,0.03832919330763085,0.025806881967850276,1.0880158,0.18356554,16.495378,0.6862811,0.35323098,0.43941438,0.52076364,0.41917127,0.48588502,0.44277352,0.5708757,0.59404,0.4403787,0.47968543,0.41334867,0.31011397,0.117913455,0.16050455,0.18419209,0.11976962,0.17866164,0.14677148,0.16692251,0.22169581,0.16595131,0.24585953,0.12921207,-221.13301,160.59943,-6.9709573,19.040745,12.24856,13.491992,2.9952931,4.8318787,-10.439853,4.36491,-1.8418059,2.8453016,1.3814045,-0.7277143,1.8532416,2.598006,-2.0387294,-1.8403178,5.560186,-1.2673621,73.56606,34.617386,28.55527,19.504776,14.285619,12.559895,8.744275,11.830597,9.411304,12.744757,7.6479096,9.866783,9.063815,7.900899,6.4423337,7.383727,6.8807173,7.794734,8.61729,6.2858787,18.456732642069326,11.349250041714285,15.783540612152335,17.335886524783863,19.01074001711513,20.895213638803476,50.645812142628124,2.5349332381337155,1.9399697140651906,2.6542138327915223,2.531799930853764,3.3740782692969096,4.442574280479158,3.464716283764744,-0.04355313179009459,0.08624689368209273,0.04551422044587582,0.0677668392780479,-0.00925067014662192,0.0218742141588262,0.07807947319485492,0.06773535642330371,0.07568022651302386,0.10613967284605125,0.031117782194963733,0.04160744571360242,0.6419902518679019,0.5632730233264532,0.5732225300865543,0.6939843340914222,0.6301377887733232,0.5623180078939172,0.7167302572445751,0.5851245630587185,0.5123126650625476,0.5687430143493841,0.33403857734630715,0.32773422041920147,0.18175586311007044,0.1657208761870488,0.16247722016986854,0.15769395997916247,0.1367871094059924,0.15712453154811284,0.1574841089055742,0.09625013384050475,0.11544387372874867,0.14210695597507042,0.07350357002166619,0.05848326391802544,0.09566960591384836,0.039877415507538046
jon_cutler,it_s_yours_feat_e_man_nice7_remix,house_banger,123.046875,0.21086843,0.09339567,3537.29809705061,1022.5399957474259,3892.0466720660643,620.0371822171275,0.001962974,0.015524377,7780.721054175004,2136.1866839165705,0.06652476281057766,0.040061729169785384,1.5836785,0.3216912,15.123381,0.3678409,0.49234387,0.49444023,0.4577102,0.50763196,0.6927006,0.8893946,0.72721124,0.61580914,0.5517009,0.41733006,0.31482622,0.19731422,0.21974587,0.21106356,0.15664545,0.14432275,0.17679222,0.1409633,0.16220455,0.17243822,0.19369817,0.15826237,0.15994273,-158.98822,104.16121,3.4763575,44.462475,-9.660092,31.705606,-4.566707,16.395126,-4.6459513,7.841287,8.139595,6.9155746,5.045234,-0.26378393,6.60675,-0.6286725,-0.29988757,1.778128,3.185912,0.00696058,66.1889,28.89118,30.088112,19.934643,11.73957,19.090025,7.051584,7.043796,5.870197,7.848962,4.674842,5.11904,4.5801687,4.804912,4.577865,4.415915,6.722106,6.656951,6.3247223,4.1760306,15.806019760915463,10.240207126603147,13.206356438892604,15.862004032982814,15.181522708790542,16.44430819118919,54.60119892550546,1.469990153340427,1.6932678133179062,2.7450995114560093,2.377082719898258,1.391585139335911,1.7844852680132122,2.965898639219794,-0.001145054746023277,-0.020658491514171234,-0.03693327406285913,-0.05413918345912705,0.0025060055963908034,0.012540004530450738,0.033223893237568046,0.04408178753688154,0.049095214834023126,0.051424513363321454,0.018507804677111186,0.0180866765081276,0.2682424851390817,0.1737784447740421,0.21074991872426063,0.7561635361682111,0.25796787958841494,0.21246204663799312,0.7376475843912041,0.609090074573924,0.2112768485449983,0.6182066582915269,0.37936773070534885,0.13414369819639302,0.24331703607944194,0.16368175111036457,0.1698893215866037,0.15972575731594205,0.10829509182301375,0.15294575575468236,0.14738027299057974,0.0593673303874056,0.09208545334586217,0.1292710406986083,0.06355531814729481,0.04418113963088178,0.08426020574849397,0.041261853705680446
juliet_sikora_king_brain,all_day_all_night_non_stop,house_banger,123.046875,0.259279,0.082817174,3318.2039793593203,1186.3037787810406,3433.990518918539,794.6082076935322,0.005093033,0.02529952,6720.579599810268,2568.4628775844285,0.08186047592828168,0.050987250317956326,1.6518131,0.38065004,13.150272,0.50111914,0.48705813,0.48433235,0.4590959,0.6996398,0.8194743,0.67346805,0.6224977,0.53128994,0.5681647,0.7616572,0.59810776,0.13032661,0.122696936,0.13780105,0.15621218,0.23041376,0.19965455,0.21010457,0.17638057,0.1387797,0.15784788,0.19502543,0.15757011,-152.95586,105.30569,-6.403773,45.749306,-3.2270834,32.21673,3.411752,15.888864,2.5210211,10.740543,3.2959688,6.783842,2.6566508,4.164473,4.1766233,3.8311942,5.6929917,2.9134178,2.1712177,-2.0154252,81.706276,27.788437,16.926115,14.643212,15.7719755,11.65983,11.487276,6.5533366,7.7994733,4.880934,7.5927477,4.8683457,5.3493614,5.210025,6.4747686,3.2393708,3.6316197,4.5559916,6.0591455,4.474804,16.506221178196327,9.719453293124706,12.938852919849277,14.782576546688297,14.53597926281705,15.18774700268169,54.92447051944381,1.7426907835657435,1.3979550943218753,1.5563730517457757,2.417992245988018,1.3751796258911608,0.9224031900849801,2.2650840849157583,-0.01380850404242267,0.029084505537818304,-0.0357696843114282,-0.0295204584881208,0.008930346728564641,-0.021754144397173634,0.05552618809024558,0.049728802504030604,0.057685242814723224,0.0686122885273527,0.022511368027014433,0.017356474327431443,0.3960892051351484,0.28274762204558856,0.2904781106538767,0.7476348372413787,0.3938675332137242,0.28591800269021206,0.7159842459157777,0.6330888086455061,0.2580353839376747,0.6258059093090402,0.36927283077729933,0.16805088288986333,0.2400883550997337,0.24369792363173848,0.21731261376365538,0.20945979352695995,0.06686171826376128,0.24738881144616107,0.2012833342407478,0.0807152002920387,0.06186822747273496,0.1795228073102847,0.06387048655811003,0.05065484241654754,0.1185448664596632,0.03380499802984027
kollektiv_turmstrasse,sorry_i_am_late,house_banger,123.046875,0.21976267,0.095626175,2288.2592210268663,1081.8764196693605,3032.712529918909,887.83908054725,0.0019274867,0.014326227,4881.646026563159,2391.0446246758197,0.03499006363317578,0.028557502840072323,1.5588553,0.38797486,13.218296,0.2529505,0.337301,0.27881625,0.33420822,0.47859052,0.79541034,0.9182066,0.46213353,0.39478728,0.3497239,0.32599235,0.2713338,0.122827254,0.14353547,0.1191053,0.123187184,0.1420952,0.2319842,0.114810705,0.15047862,0.12949376,0.15371186,0.120087415,0.1288061,-239.96494,101.98445,12.785239,53.3764,16.622187,28.628378,13.309149,13.715615,7.938495,10.554302,4.2999616,3.2420833,4.0603805,2.3623035,1.7054089,1.2243407,1.03587,0.9010268,1.2273314,1.0650108,71.95689,35.55101,21.973171,25.604374,14.502044,14.805273,11.966461,8.807727,8.719529,7.9179335,6.715327,6.066092,5.298931,5.152914,4.467744,4.50436,3.762673,3.8278837,3.9942942,3.8427854,21.192655701927663,10.917666863724573,15.927919803803645,16.18445809596681,15.067154300719347,16.055793619242618,51.90567683155852,1.8954374756599364,1.591702938472841,2.371209351708259,2.6443720726959405,1.718158703261899,1.3743145973917448,4.120205513799658,-0.032124811193760074,-0.062413473582750977,-0.08993738870039623,-0.09444741646135796,-0.010619712103571818,0.02510457250939445,0.03162450786881724,0.09215593311722858,0.053256782601497465,0.08366465098282945,0.024100635347377445,0.03898625988660606,0.22881953158106605,0.1498578173843461,0.18717868125145276,0.7580260637507774,0.2260237333960365,0.1645028864804181,0.7798060294379682,0.5550236270728351,0.1811853842158287,0.4987807309661201,0.22976735510423243,0.0857774175763569,0.0884185995298643,0.1386832128563462,0.09023285836460279,0.0885130463193387,0.266529027678582,0.13467142862075304,0.08554131577966136,0.12058730648481969,0.19244990236982765,0.07903907813074672,0.05787402636645071,0.04735734424206784,0.05212362204662167,0.026442282200112247
mattei_omich,i_ll_house_u_feat_keyo_extended_mix,house_banger,126.04801829268293,0.25351182,0.08894697,3504.245097791226,753.2386394181974,3509.5137538348804,366.0608990337895,0.0043291016,0.0026039884,6921.002922844525,1399.7821588291129,0.09039127288145568,0.03122971378579543,1.3808904,0.17689498,12.213764,0.5204113,0.4527806,0.41697255,0.41939718,0.4529393,0.5918278,0.7510265,0.9184223,0.8052789,0.6454591,0.7276912,0.5836105,0.08040899,0.10759401,0.08218061,0.08554579,0.08478601,0.081430785,0.08974348,0.14606845,0.1033393,0.08898818,0.10162535,0.072790384,-104.23426,105.749954,-28.84327,50.52804,-15.369409,22.819353,1.0325423,13.358644,0.53578204,8.191789,1.1038663,6.056299,2.1906202,1.2138169,0.69579273,0.99456877,2.008576,5.37688,0.8795149,0.6097484,51.864254,22.512058,15.458068,15.760595,12.9347725,10.169065,9.097181,7.2387342,6.616126,5.2226276,6.0378203,5.3089004,4.5185533,4.072276,4.222672,3.3045435,3.4717178,4.737091,3.3883116,3.1671314,14.129833536054397,10.152092059974196,12.724853515086396,15.085760510749859,14.77217792362674,16.110897209548355,54.887306524767496,1.5932950112524757,0.8516288642507951,1.339037020530119,1.3722828524233766,1.2171870568123024,0.6398456087107783,1.9260210265152582,-0.01773171857928472,0.01796400834618032,0.03260700905525172,-0.01785846330403942,0.009685289324573366,-0.010314736779544895,0.021968774937799154,0.012652273890588775,0.03351859495995155,0.026237951166479093,0.007894789095883625,0.007858730800829005,0.38195842755737325,0.29571344485340767,0.31354323633006287,0.6333333112171909,0.3712481615167934,0.3026466750691113,0.7484913619774571,0.515611763883227,0.289766470370472,0.5589718617222653,0.3113410850915224,0.17531251538059683,0.14768254861401547,0.14681242565104533,0.154799579763485,0.14957690069740007,0.10882181211808269,0.144878308050177,0.14542456479411625,0.0611933815386713,0.09049796416428535,0.12679138397370565,0.05127388778525598,0.03952583891339262,0.08929691364349997,0.03104175713048457
maur,set_you_free_feat_faber_original_mix,house_banger,126.04801829268293,0.29097232,0.08821872,3422.157076958454,641.6997178212409,3487.7812953788634,468.22792267826986,0.0010702246,0.0011823494,6990.590543747748,1444.5051453873523,0.07052874474272314,0.02437762515784365,1.2910261,0.18600078,10.985586,0.4715888,0.36832458,0.47556147,0.46063542,0.69452876,0.7915203,0.5903342,0.6715877,0.4685445,0.50644255,0.57769394,0.4561835,0.2091737,0.08859271,0.1514716,0.17667168,0.31343195,0.27655244,0.20491993,0.1886671,0.12369051,0.14574043,0.17146872,0.10122828,-87.242966,110.39207,-38.162254,51.675846,-14.99573,29.413559,-4.0794616,15.114548,0.16456461,6.684555,0.36248246,7.6851325,-2.1808584,2.6304507,1.4829441,3.6410308,0.15421699,1.2454854,0.3512099,2.798477,46.514973,25.390467,21.030308,18.636814,12.113718,13.266628,10.239161,10.119873,5.458474,10.396583,5.680765,8.328458,5.317852,7.2293963,4.2952886,5.4217052,5.458957,6.222962,5.340669,5.066813,19.85953980558204,11.202363615368949,15.311626804509142,17.648255576445305,16.994533091413153,16.44294502869063,56.12108610011932,2.294561312643276,1.4591195107067843,1.7483278515952847,1.6651261891553066,1.841162290239982,2.285667686847087,2.0109930372407243,0.021873112335280036,0.07085753148347414,-0.010951334771164918,-0.007350673867288267,0.008797052090319075,-0.01768483983369979,0.03990772173981456,0.06087785802724556,0.06399754606875856,0.10082124940663935,0.019171075493481595,0.026238038794135558,0.6719574039375755,0.2927483842198051,0.32053529010758064,0.7950890309908818,0.6686498259425805,0.3132374646306414,0.8335700628367189,0.690012511569637,0.2848708794472235,0.6779881361977595,0.44150187871406815,0.18800406649048407,0.2632486827551611,0.13203822362006143,0.16096551528142714,0.16126278927572704,0.06418544720218577,0.1317478217737448,0.15820343521516464,0.07069672857797725,0.0631632860791594,0.1423222397362096,0.04796532663323519,0.04904419368636746,0.09582948489457674,0.03277403227290382
p_a_c_o_feat_return_of_the_jaded,nights_watch_original_mix,house_banger,123.046875,0.2656161,0.07792097,2473.750748841525,1245.3456141806496,3202.16395035897,1056.646146321626,0.002511565,0.024108779,5316.471609172613,2892.492817292005,0.03908988387821578,0.02930529920135936,1.3764251,0.35328802,9.964133,0.34620437,0.47000578,0.28629223,0.30196488,0.32616746,0.43810722,0.8885704,0.7892732,0.5925005,0.47524008,0.4822405,0.37952664,0.17290805,0.20600034,0.12723522,0.1498251,0.12004882,0.102529265,0.14833981,0.16843061,0.18845926,0.16895843,0.1946992,0.19831483,-176.29768,123.40198,12.097397,52.367947,2.2898135,23.509861,5.400934,16.86418,6.125915,9.023982,5.2526426,7.511953,4.641964,5.3547,3.5001564,3.4616857,1.529605,4.322136,0.20451008,4.979823,75.72467,37.737003,33.83483,21.167141,17.364573,11.932782,9.520474,11.210747,6.7167993,8.535267,7.278196,5.507277,6.6308937,5.244607,5.5884967,4.6043906,3.5113964,4.7769976,4.0522094,2.8895276,17.741177630688508,10.017955424002617,14.322670398529894,15.039151630194143,14.181649243386227,15.694319167741291,52.445925527039144,2.0925616317527598,1.6800139901711588,2.4523706005954646,2.382212754746952,1.6580023202334853,1.7676312337577127,4.363269642716212,-0.016998579608862033,-0.06294823767397834,0.010713371168605323,-0.08570324652938886,0.0323815396692957,0.015889972657243765,0.020678678654593177,0.05141485761778528,0.059095906862091735,0.0605116146695738,0.01740911119257947,0.02140244099280387,0.3746573837836963,0.3342029844454937,0.36079904561570136,0.7750782251586262,0.36794669470484115,0.3592928847321968,0.7914554753636283,0.6081564238461861,0.30847598388771375,0.5520126443856386,0.29815142923748983,0.21287354057558527,0.1373202114403618,0.25181947911474095,0.24042594311787546,0.21988967000078694,0.19702082892214529,0.24371674741109403,0.21137573901734863,0.06353276113225916,0.1488678754993158,0.20003444541735232,0.057728567813316235,0.06287579793235339,0.12599483513999288,0.048115235644107565
patrick_prins,drumtrackmelodie,house_banger,132.51201923076923,0.23253787,0.06809783,4087.7892408320467,787.7590822537544,3994.6472298852696,552.8006155773924,0.00035990542,0.0027938609,8892.349389303687,1666.5958743974893,0.09321823413254927,0.03425819853971977,1.2661979,0.1750905,12.640589,0.6423967,0.62310416,0.5142704,0.46961915,0.47344518,0.49156585,0.5129698,0.4436064,0.56255,0.7961786,0.63591886,0.6889636,0.1985253,0.15208483,0.18451452,0.13867497,0.06437737,0.15565725,0.1526972,0.1241122,0.17410631,0.28377077,0.21296023,0.2589149,-85.14404,114.27272,-30.698208,51.05017,-34.94656,39.437588,-14.788194,19.357775,-11.556226,8.759976,-0.89529675,5.4824843,1.7958676,-3.9177792,6.4230533,-7.538643,6.973938,-8.4202385,9.622635,-3.625157,46.656666,22.303312,15.845196,13.908602,12.846477,10.168817,7.336819,11.671311,5.9856234,11.942934,7.075865,7.309204,7.1670732,5.5763264,4.795067,4.302699,6.9650774,6.506973,6.875152,4.840867,17.173398528838693,10.720364731116222,13.710513034096609,15.821610424697344,17.42919841669968,16.575641567669283,58.215711334486876,3.3322341663464643,2.941038774877518,2.971634116695211,2.426775458789885,2.685423001259403,1.9722597853871997,1.844289770267488,0.02241606949286761,-0.02586387063929744,-0.057354382830596476,0.012249042905469227,-0.002774498160218412,0.016235214332449396,0.05102585321432031,0.05780338252561925,0.07863769108305751,0.07227149270317393,0.02917237167922302,0.022769492718401344,0.6694983874608278,0.4162314479515452,0.442393703040457,0.7924665005546573,0.6571187560775871,0.420111978765375,0.7870834518713026,0.680162763229918,0.3981166742070337,0.6579167177789197,0.4090886781932042,0.26140799776771945,0.2376663591172642,0.0901487140794486,0.13280942451350142,0.12888123948569388,0.08836004194234863,0.07983942502606975,0.13018983563146277,0.10103545077995427,0.07346614539132316,0.114420786054554,0.07365001422474447,0.0546908988803473,0.08362616853397183,0.03146409149113944
rhythm_masters_mync_wynter_gordon,i_feel_love_feat_wynter_gordon_illyus_barrientos_remix,house_banger,126.04801829268293,0.22401126,0.11231946,3280.4046990509305,1054.7198186193227,3443.4759787326275,711.993282191052,0.0028131336,0.0039255526,6715.9044525385125,2067.5654390536283,0.0724260493088194,0.042602863294105675,1.611346,0.3826238,13.227484,0.61404747,0.47200298,0.49321446,0.3716858,0.39866465,0.47567338,0.6506525,0.87008655,0.5246049,0.654256,0.58345,0.64837366,0.10806134,0.13126822,0.13090235,0.13599932,0.12806027,0.14443536,0.17172001,0.17415382,0.13186717,0.17599152,0.1346383,0.13029063,-136.50368,116.400826,-12.717377,46.73848,-7.5747004,25.56995,-0.64002806,17.659554,-2.9677634,3.7918944,-1.7175566,2.4751923,-2.941702,-2.63196,-3.5898197,-2.321427,-2.2145655,2.1212654,1.0463023,-0.34262347,63.88019,28.932055,22.571651,18.244917,12.69603,12.717648,7.07088,9.959008,6.8808823,10.771237,6.4493537,5.9141617,6.7698684,5.8012223,5.758103,5.2245,4.688601,5.109325,5.3101344,5.4388385,19.886330347484083,10.712949059881806,14.402804725831398,15.92815297757144,15.170417096219992,16.30617718274454,53.63099685294927,2.2827121563724497,0.8289521182001868,1.5788551031409495,2.901087101637903,1.9765966703637892,2.082906681764816,2.8280047401361053,0.05880455450100774,0.040587822156540845,0.04586152509846045,-0.03045691631598468,0.013476992034385642,0.00387558917135887,0.041795893715241596,0.047545954156025416,0.0446762825730867,0.038676147671204815,0.015549674874542481,0.01663793631536977,0.5517291222922399,0.18069895431353172,0.18718292625762853,0.7806844999720108,0.5325001571570795,0.18217248221019977,0.8148028993589522,0.6246302512456935,0.17156120485508242,0.5663614579497551,0.29042119770143043,0.10697061983823093,0.12224972661961027,0.18273659978245718,0.15116618356076247,0.15285579366461016,0.04800815407768127,0.17502482673514672,0.14862347904945364,0.0357371425254678,0.049717885295732914,0.13362403858944644,0.040586349796669675,0.045183940175891286,0.08888152005368229,0.03179309949427451
shadow_child,higher_extended_mix,house_banger,123.046875,0.24666174,0.077555075,4190.795297244934,953.5449216549682,3436.8862331245064,505.64359883920866,0.0062909275,0.0068471152,7606.641340791559,1712.5490443004237,0.12460735187763346,0.04981403174354006,1.6826816,0.33049253,12.517658,0.45997983,0.4382122,0.3584974,0.56041384,0.36928368,0.4394179,0.7278464,0.80274785,0.50900716,0.39984113,0.42373186,0.38971335,0.22906242,0.14818962,0.12836523,0.26469406,0.15097786,0.11408138,0.2218611,0.26799348,0.13709077,0.098406,0.15697066,0.14458044,-121.573524,78.92199,-34.65783,44.62512,-27.530546,14.000024,-4.3755383,7.5252767,-6.9802165,-1.2453079,3.3057356,4.947988,6.7127786,9.305706,4.7101064,2.6553013,-1.4796003,3.8749695,0.32321957,3.4680352,72.89006,25.473291,33.61746,21.50266,14.327787,15.039689,11.339215,11.463375,9.593963,7.9340663,9.484002,5.3385506,6.5533056,4.256597,6.136028,4.7571516,3.8412097,4.888598,3.4633849,3.6824841,16.32077008741603,10.753887664224465,12.604139817045327,14.828917099904052,14.702758012526479,16.115616289664082,55.334542087419564,3.302789132644544,0.913287522115328,0.9897131523562697,1.1530113317383839,1.5178694444468546,2.1774008335314896,2.1443536548673574,-0.032500282793632214,0.009571297833877503,0.08771010567775478,-0.02660874172302046,0.027119280989740147,0.028397644900533578,0.04527498739343699,0.03371991713489129,0.04985000941265002,0.06983110125829664,0.01131014852381028,0.023606003965948454,0.40191829584378574,0.16017897950737583,0.22803725347147205,0.8101894175308331,0.41028755358063057,0.25473911479229044,0.7676893102702486,0.6297504115078654,0.17457757622053843,0.5624242448537538,0.28408363003960563,0.19278323861070915,0.13103299433528653,0.1696956177724019,0.12736698523432383,0.10941756462994894,0.10014257717018712,0.16143847090180302,0.10294122732247758,0.09337960034681282,0.08792971415809883,0.10083357418893318,0.059600090186467614,0.045707713457673375,0.05919221025107582,0.02518675731419906
sooney,back_to_the_music_route_94_remix,house_banger,126.04801829268293,0.31029072,0.14184053,3083.6031802071584,866.7454378327917,3200.211563707625,689.6220149180034,0.0013772888,0.0016690876,6254.791162324603,1610.032091969258,0.057557787273968763,0.04130906848971297,1.5916878,0.42298096,10.467009,0.40349808,0.36473978,0.44387373,0.45738205,0.53210676,0.6055745,0.6543875,0.91381896,0.6910397,0.5624545,0.47693974,0.41977754,0.15976657,0.123127095,0.18650304,0.19527528,0.16145866,0.19962908,0.14851294,0.12610768,0.15024585,0.1263718,0.13923398,0.1527695,-154.99753,99.67187,-28.086838,28.449774,-10.053321,15.351234,-1.2197977,22.708538,11.470516,11.165106,8.366991,11.06124,5.0209417,10.664647,5.9587107,8.447355,4.5023565,4.934535,3.7121239,4.0054216,44.541924,35.926197,22.763477,19.41121,16.122862,24.303453,10.189137,12.235952,10.5195265,13.269127,12.478548,13.756051,8.868425,9.017362,6.2061534,6.56422,5.8892245,7.0940995,5.290138,4.114016,21.489451824936587,9.76182059430811,13.831635515826,16.83654800059162,14.943543619849848,17.453558779294312,55.20827775761526,3.217504506343262,1.5310568964892017,2.0288496781701033,3.141938050943727,1.960257805276286,2.0636161966162283,2.6460675144470933,0.020146934343160717,0.0357122361105363,0.04299771808898957,0.0073038755397182185,0.009322868883805634,-0.011137179149683141,0.05198381593439853,0.03050035766436674,0.045819469456031645,0.041322576518014055,0.016773931322137177,0.01220000438622887,0.28478779800824966,0.252868998698608,0.33846551675808256,0.6551481707658862,0.2838976205145138,0.3712104920793041,0.6541603743971842,0.51751303601413,0.30312420305632515,0.5261395728496094,0.2593499538489509,0.2315263198986473,0.13845616780264622,0.1766786986708453,0.17203990958617163,0.14180847453833545,0.11218936631498527,0.16354524466426823,0.11961716262479294,0.11618716539141985,0.09283393173817651,0.11894247359317923,0.05770095703523775,0.06160050724860068,0.07376185563056482,0.03349066921362781
soul_clap,next_original_mix,house_banger,123.046875,0.32730535,0.11519358,2748.660953608469,937.3490137259456,3342.7441656949104,789.4914135951365,0.0012977924,0.0024156012,5883.554367912515,2277.8130582703548,0.03818254990291017,0.03218760864877029,1.3967953,0.26157334,9.605233,0.26634726,0.24225664,0.2550166,0.2926287,0.4468835,0.9119135,0.76202214,0.4467937,0.3568972,0.30104837,0.23825283,0.2076095,0.16732602,0.13713647,0.12513253,0.108237065,0.091274865,0.16895255,0.1912678,0.15741192,0.17918558,0.17475376,0.15005472,0.14434436,-143.81937,111.580734,-13.938067,39.84598,-5.125565,22.636106,1.0950975,14.512007,7.2825584,7.4443903,5.365385,9.733808,7.9036283,11.651056,3.3140407,4.2569532,-0.70326906,5.1189404,-0.4012524,5.40901,79.74407,26.436852,20.34527,35.698383,20.504574,19.378613,14.451892,14.16511,9.891992,8.748595,7.9962206,7.317389,7.4772706,7.722785,6.1783276,6.798202,6.0678215,5.439017,4.785383,6.5381494,19.514005673983547,11.928610342957343,15.794979752447702,18.078807086588036,18.076145450658125,18.33898922169579,53.003827423410485,2.5473235232907303,1.7942001321696501,1.9280908781723725,2.275446129994279,2.514371873588657,2.0037540183491163,5.24673821331987,-0.03560403082910219,0.03443189990022064,-0.12150884848871983,-0.04190616995523266,-0.037130309253579685,0.00684994750982524,0.04095267692262466,0.05861115654492724,0.07222508088911021,0.06742079100210041,0.023118626032252086,0.02350821626801761,0.35772506592945735,0.30485905098896215,0.36556893264460766,0.7186053832691954,0.41320702172812557,0.3461376704250907,0.6474298760399128,0.605172482276275,0.3127419314370636,0.6831809906106606,0.33547353183324635,0.201742319775273,0.24782668503283836,0.13598223393951572,0.16682000013714904,0.20285059196121413,0.0754691595369044,0.11627679251567656,0.192113529782768,0.12014158766300528,0.06466384044624271,0.1726848083692462,0.04412815631802592,0.06394649641553395,0.11310486705179798,0.025301064052884254
the_golden_boy,pianoloco_original_mix,house_banger,123.046875,0.3036426,0.08712041,3414.942683273596,902.2172982689831,3542.434506234374,604.198944254604,0.0031839989,0.004959936,6919.284157270807,1950.026832443747,0.07884403961852504,0.03657593547690984,1.3457388,0.23034924,10.572023,0.41571632,0.62015355,0.43243095,0.38785732,0.31497005,0.36914235,0.45577136,0.61528903,0.9357231,0.60691786,0.38167992,0.38805178,0.12449937,0.17619385,0.13159448,0.0941519,0.094535455,0.08712502,0.13996463,0.20956889,0.09634613,0.14021102,0.1019002,0.10428926,-84.37549,115.41267,-26.683619,56.15054,-10.535138,26.343437,-0.53889114,15.469288,-2.2198274,9.974006,-1.4475634,4.08218,0.15810438,1.2051249,-2.6002653,-0.08996342,-0.051762223,-2.458042,-3.982273,-0.06480695,62.658314,24.887163,20.982334,20.201267,11.105938,10.800353,9.243901,7.5054607,6.4218154,5.8392954,5.47363,4.7236156,5.3880887,4.935938,6.7485933,4.657415,5.3146453,3.8784854,5.8058734,4.174548,21.039073017393758,10.319537129165314,12.602677050548623,14.258322695023816,14.091391379033391,15.28707718105757,54.24558939748441,4.157123474195885,1.198895411301091,1.8464775854331776,1.8753010244439619,0.9912777103056318,0.7543883405806548,1.8612107230692856,-0.06087651735184579,-0.05745540280691331,-0.03932517105999324,0.08167487333004449,-0.01929623403803176,-0.015338444200262506,0.057915257831065096,0.04233456925057825,0.05384958255962107,0.04823011489833734,0.024511218299885097,0.017713247546314356,0.4877674237763601,0.26318585571700936,0.2914660815276272,0.7667076936087288,0.5319764610028347,0.29304611288546567,0.7198694476094843,0.6494513726806379,0.2649373077772862,0.6986784795927201,0.3724470082952882,0.1708307975569265,0.2531843074131474,0.13815408325361336,0.15626378949357064,0.15972855726368543,0.11964520558727477,0.12143700824940527,0.15612457253051945,0.08874593150058048,0.10286815796012598,0.14069416868561974,0.03744983229021931,0.049156977721490046,0.09281938525951215,0.024150860991854105
waze_odyssey_tommy_theo,always,house_banger,126.04801829268293,0.24940985,0.099411495,3284.641340763396,618.0264092505017,3472.15996808437,426.4302571878683,0.003131133,0.0029049565,6661.208197068877,1152.8110392434044,0.06812445548029923,0.029157216678842055,1.3933938,0.20214611,11.218691,0.5033942,0.48386297,0.46421412,0.5185039,0.37035492,0.43554476,0.5002812,0.50624454,0.6662237,0.61190826,0.6972554,0.7060648,0.15624352,0.18988612,0.13478471,0.16382237,0.13903974,0.13307692,0.14328468,0.14042844,0.18850419,0.1693454,0.19395699,0.19919193,-87.380875,121.789955,-35.294514,44.836548,-3.2860906,19.367855,-0.67333704,12.261146,4.243412,5.4677863,2.0148966,7.788513,-1.7113972,0.6261537,-1.6722715,-0.21497792,-4.213197,0.5104503,-3.7175367,1.1730599,46.747868,19.27049,20.133957,13.209772,9.969282,9.762544,8.115734,8.337789,5.536307,8.862405,6.0463204,5.62464,4.9792776,4.8337626,4.2754555,5.001316,5.326737,4.794524,4.5742354,4.5378585,20.695697138681986,10.36555225090849,14.002401353289919,16.486641164863848,15.666549405860954,17.025026399219097,53.770625930447736,3.306895811477421,1.588768654418856,1.8032152487081032,2.0952053114277995,1.7018382273339936,1.9923182295931419,1.7663750115544865,-0.03807909903918982,-0.029439702277978843,0.03550441810415167,-0.018999367011800942,-0.01519985273589645,-0.005407211721102947,0.050726801300006334,0.05585917810587362,0.06289587975306689,0.06590797467274287,0.026828253850199515,0.017707077741680472,0.631116265611918,0.3763599679294045,0.4019704751946176,0.7916519024738272,0.6354054795665194,0.3810419268041581,0.7730884475355537,0.647081897658896,0.37814333244904624,0.596804195160575,0.33519661007721246,0.22100486660588695,0.17288196480710435,0.11750890948226295,0.13664747162967053,0.13525366387580634,0.042531826325229324,0.11561744516155088,0.13345420620951165,0.0566844143587999,0.0509988465834117,0.11711488344023895,0.05344745142286728,0.048714799565270916,0.0803828691541946,0.03560829019748152
